Model,Accuracy,Precision,Recall,F1,AUC,Inference_Time_ms
Classical,0.8933333333333333,0.8655737704918033,0.9198606271777003,0.8918918918918919,0.9629081274838307,64.83955979347229
Speech LLM,0.9866666666666667,0.99644128113879,0.975609756097561,0.9859154929577465,0.999076042791464,287.36507296562195
